Tweet,Sentimen
Wala ba mangsasama sa tour ng dpr jan? salohin niyo na ako we gang gang na to ğŸ˜‚,negatif
Hokeyyy. Di ako makakapag dpr we gang gang. Lemme cry ğŸ˜­,negatif
"TINDAKAN DAN SARAN SALAH SEORANG RELAWAN PARTAI AMANAT NASIONAL (PAN) DALAM PENANGGULANGAN CEPAT KORBAN BENCANA GEMPA CIANJUR (Saran ditulis oleh : Darwin Purba, SKom, MM, DR(c) Bacaleg DPR RI PAN Jabar-06 Kota Bekasi dan Kota Depok)
https://t.co/OdsJO69irS",Positif
@ihatejyp @gothsforchan dpr ian,Positif
sino ba naman ako para makapag dpr we gang gang,negatif
Emang anggota DPR gak kuat beli pulsa terus telp...?,negatif
"Terkait beredarnya isu dana BUMN yang mengalir ke acara Nusantara Bersatu, anggota DPR RI Dedy Yevri Sitorus dari komisi IV mengungkapkan bahwa, tidak ada dana BUMN mengalir ke acara tersebut, dan disinyalir sebagai isapan jempol belaka.
@erickthohir
#BangkitBersamaET https://t.co/orh6HljRda",Positif
Naol dpr we gang gang ğŸ¥¹ğŸ¥¹ğŸ¥¹,negatif
@RafliPadang @sabar_setiabudi @Mdy_Asmara1701 Eh orang goblok pilkada 2022 gak ada itu persetujuan dpr dan disahkan sebelum ada pilkada 2017.jadi jika ahok pun jadi gubernur maka dia juga akan digantikan pj,negatif
nyari calo tiket dpr susah skli fak,negatif
"Aku serkertaris, sekarang sibuk nya ngelebihin tuan dpr",negatif
"@jilly_billi @DPRIAN_ Ga nyangka anggota DPR selain menghimpun aspirasi rakyat, juga bakal duet nyanyi ma IU ğŸ˜­",negatif
@detikcom P Basuki Nyindir Anggota DPR yg Rata2 hp.nya berharga diatas https://t.co/GRN03ZSfGH,negatif
@ronikosmoss dpr creamğŸ˜­,negatif
@NarasiNewsroom Tidak termasuk anggota DPR gak nih ?,negatif
"@joko_maryadi Emang tugas dpr itu curhat???
Koyo bocil ae",negatif
"Yukz ke Nganjuk
#NganjukKotaAngin
TPPJatim
#TPPPamekasan
@jokowi
 @halimiskandarnu 
@KemenkeuRI 
@DPR_RI 
@RaffiAhmadLagi 
@kemendespdtt https://t.co/LC3KxeiOGM",negatif
"@erickthohir dan DPR pastikan tak ada dana BUMN mengalir ke acara Nusantara Bersatu.
#BangkitBersamaET https://t.co/ABkOH2WLlc",Positif
"Kapolsek Bangun Purba Akp Herwin menghadiri Giat Kunjungan Bapak dr. SOFYAN TAN Anggota DPR RI KOMISI X FRAKSI PDI PERJUANGAN dalam rangka ""PENYRERAHAN SK PROGRAM INDONESIA PINTAR (PIP)  KEPADA SISWA/i SEKOLAH SD, SMP dan SMA"" di Kecamatan Bangun Purba Kabupaten Deli Serdang
#po https://t.co/QlB13SNPGG",Positif
"Menurut anggota Deddy Yevri Sitorus anggota Komisi VI DPR RI memastikan bahwa tidak ada dana BUMN mengalir ke acara Nusantara Bersatu yang berawal dari tudingan 
kabar soal dana dari BUMN hal itu merupakan fitnah keji

@erickthohir
#BangkitBersamaET https://t.co/KI59x2IqyZ",Positif
dpr we gang gang sana kung nasa manila lang tayo,negatif
aomg namaaaan dpr namaaaan tnginanhojshsjejw,negatif
"@detiika28 @ainunrozi Anda sangat luar biasa kak, cocok jadi anggota DPR",negatif
@seouldonghyuns SEE U BEH OMG MAKIKITA NA TAYO NG DPR,negatif
UCAPAN SELAMAT ... KHUSUS DARI PAK ANDRE ROSIADE ANGGOTA DPR RI/KETUA HARIAN DPP IKM PUSAT UNTUK DPD IKM PURWAKARTA ğŸ˜ŠğŸ™ https://t.co/9gQPWLWyFQ,Positif
"Banyak hal yang perlu diperhatikan KSAL Laksamana Yudo Margono setelah dilantik menjadi Panglima TNI. Proses persetujuan Yudo menjadi Panglima TNI oleh DPR kemungkinan baru digelar pekan depan. #Polhuk #AdadiKompas

https://t.co/v8dnSixvAn",Positif
"Banyak hal yang perlu diperhatikan KSAL Laksamana Yudo Margono setelah dilantik menjadi Panglima TNI. Proses persetujuan Yudo menjadi Panglima TNI oleh DPR kemungkinan baru digelar pekan depan. #Polhuk #AdadiKompas
https://t.co/rrYlpQFOHy",Positif
"ğŸ™‹ğŸ»â€â™€ï¸: aku selasa nonton konser ya nginep dirumah vv
ğŸ™‹ğŸ»â€â™‚ï¸: yang Ian apa yang Jisoo?
ğŸ™‹ğŸ»â€â™€ï¸: WKWKWK yang Ian yang Jisoo nanti maret. Berasa temen deket bgt sm Ian &amp; Jisoo. Tp aku nonton DPR sm Blackpink bukan Ian / Jisoo ğŸ¤£",negatif
DPR x NCT lah gaskan ğŸ˜ğŸ˜ğŸ˜,negatif
"Pagi lur senantiasa penjenengan sedoyo tansyah pinaringan kesehatan keselamatan dan kesuksesan  ""harapan rakyat perjuangan Demokrat ""@PDemokrat @FPD_DPR https://t.co/k4moswec0w",negatif
"Soal Fit and Proper Test Laksamana Yudo Calon Panglima TNI Ditunda-tunda dan Cacat Hukum, Ini Penjelasan DPR https://t.co/VjfNIq9eiF",Positif
dpr regime manila gen ad ticket #DPRMANILA,Positif
"@treasuremenfess To, coba bawain dpr we gang gang deh ğŸ¥º",negatif
"DPR Minta Kominfo Matikan Siaran TV Analog di Seluruh Indonesia

Diberitakan sebelumnya, Komisi I DPR melakukan evaluasi terhadap pelaksanaan ASOÂ 
@PlateJohnny
@kemkominfo
https://t.co/oPIxswFqSk",Positif
@IrenaLenard @DefensePolitics @Hameedwafa Ask DPR terrorists,negatif
@VyMauricio DPR concert mmya HAHHAHA,negatif
KSAL Laksamana Yudo Margono telah diajukan Presiden Jokowi ke DPR RI untuk menggantikan Jenderal Andika Perkasa menjadi Panglima TNI. Apa alasannya? https://t.co/YA2L3yf913,Positif
"Presiden @jokowi telah mengajukan Laksamana TNI Yudo Margono sebagai calon tunggal Panglima Tentara Nasional Indonesia untuk menggantikan Jenderal TNI Andika Perkasa. Surpres terkait hal tersebut sudah disampaikan kepada DPR untuk mendapatkan persetujuan.
https://t.co/HKwoEmBf9N",Positif
KSAL Laksamana Yudo Margono telah diajukan Presiden Jokowi ke DPR RI untuk menggantikan Jenderal Andika Perkasa menjadi Panglima TNI. Apa alasannya? https://t.co/YA2L3ywc33,Positif
DPR Imbau Pemda Gratiskan BPHTBÂ Awal https://t.co/olRfVkgrJo,Positif
KSAL Laksamana Yudo Margono telah diajukan Presiden Jokowi ke DPR RI untuk menggantikan Jenderal Andika Perkasa menjadi Panglima TNI. Apa alasannya? https://t.co/02jD6kkx0K,Positif
"IDI tolak Omnibus law kesehatan?

#Cakepbanget #AzamSwati #bella #omnibuslauw #DPR 

https://t.co/EUgeJJFcrw",negatif
@Dika76595557 @CIVICUSalliance @vincentrcrd @DPR_RI @POTUS @SecBlinken @SenatorWong @vonderleyen @jokowi @Menlu_RI emangnya pepo cikeas kesayangan situ demokratis ya??? mau AHY berkuasa terus cikeas korupsi lagi,negatif
"@jokowi @DPR_RI
@kementan @Kemendag @PerekonomianRI
@akang_hero @her_alone
https://t.co/TNqY1yk8an
Bukan Legenda Roro Jonggrang Pak Mentan dipersiapkan secara Real.
Survey ke Penggilangan padi di daerah hanya tanya kapasitas bila harga 10.300/ kg mau setor ke Bulog berapa ton.",negatif
"@Om_HME @Ryugie_Nufus_82 @papa_loren Harus nya baca berita, atau nonton berita di tv, ada ratusan anggota dpr yg gajinya em2 an jangan ngarang sendiri ....... yg tolol jangan pamer goblok ....  malu atuh ğŸ™ƒ",negatif
Kata Ketua Komisi I DPR Soal Rekam Jejak Calon Panglima TNI YudoÂ Margono https://t.co/9io6qVbXzP,Positif
Anggota DPR ya telpon lah. Tolong,negatif
"Wakil Ketua DPR RI Dasco menyebut fit and proper test calon Panglima TNI, KSAL Yudo Margono, kemungkinan dilakukan pada pekan depan. Ini alasannya... https://t.co/k4LX2LTAgg",Positif
Mr. Insanity â€“ DPR IAN https://t.co/cED0cf72MJ,Positif
sayang di ako makakapag dpr we gang gang ğŸ¤§,negatif
DPR IAN EXACTO HYUNE MI AMOR ğŸ–¤ğŸ–¤ğŸ–¤,Positif
"...itu yg diharapkan, paling tidak dpr tdk dikuasai lagi...",negatif
Di talaga makakapag DPR WE GANG GANG  ğŸ¥²,negatif
"@Hahawkwklol @raknduwe @JeSuu99 @virgogasm @dhee_dood @convomfs Kita semua menghujat dpr korupsi, pejabat korupsi, dll. 

Pertanyaannya adalah, apakah ada jaminan kita gak bakal korupsi kalo diposisi mereka? Wkwkwk",negatif
"@LaNyallaAcademy @DPDRI @DPR_RI @democrazymedia Ayo @fahiraidris @DPDRI kalo berjuang demi rakyat segera cabut mandatori Vaxx C19, otak Jepang sekali lagi lebih cerdas dari Wakanda 
https://t.co/i8nBmRBrVv",negatif
"DPR RI pastikan  tidak ada dana BUMN mengalir ke acara Nusantara Bersatu

Kabar soal dana dari BUMN itu berbau fitnah keji 
@erickthohir
#BangkitBersamaET https://t.co/CNzQHCwGNc",Positif
ptn mais jâ€™ai vu dpr quoi ?????????,negatif
"Apa sih hidden agenda jika Koperasi di bawah OJK ?

#TolakOJKdiKoperasi
#TolakOJKdiKoperasi
#TolakOJKdiKoperasi
@jokowi
@KemenkopUKM
@kemenkeuRI
@DPR_RI https://t.co/rKHYkE88wC",negatif
"DPR pastikan tidak  ada dana  BUMN  mengalir ke acara  Nusantara Bersatu.
Tidak  ada  proposal  pengajuan  RP 100 M ke kementerian BUMN. 
@erickthohir 
#BangkitBersamaET https://t.co/kU97dHtYOh",negatif
@Bagindaa98 @badjoejavas @setelah24ya25 @HoofdbureauID @DivHumas_Polri @DPR_RI Takut bnget abis gebukin orang sampe mampus masa kecilnya pas lulu sekolah daftar jd aparat trus lolos wkwksğŸ˜­,negatif
@RannaMekel @badjoejavas @setelah24ya25 @HoofdbureauID @DivHumas_Polri @DPR_RI Lulus skolah lngsung dagang ondeâ€ğŸ˜­,Positif
@kiokio878 @badjoejavas @setelah24ya25 @HoofdbureauID @DivHumas_Polri @DPR_RI Yg rubah UU itu kan bukan polisiğŸ—¿,negatif
"Bismillahi Rachmani Rachim  ğŸ‡®ğŸ‡©ğŸ‡®ğŸ‡©ğŸ‡®ğŸ‡©
Jangan ada yg marah ya, bila Aceh pilih @aniesbaswedan 
Boleh marah kalau Aceh minta MERDEKA ğŸ‡®ğŸ‡©ğŸ‡®ğŸ‡©ğŸ‡®ğŸ‡©

@NasDem @PKSejahtera @PDemokrat  @PemprovAceh
@DPR_Aceh @sobat_anies @sobataniesaceh
@Sobataniesmbr24 
@tempodotco 
@alisyarief @rockygerung_rg https://t.co/ROt4lgALx6",Positif
"Sementara Divisi Teknis Penyelenggaraan, Insan Qoriawan, menyampaikan bahwa PKPU tentang pencalonan DPD saat masih belum diundangkan, tetapi sudah dikonsultasikan ke Komisi II DPR RI. 

Acara dimulai pukul 09.30 WIB - selesai.",Positif
Sapa yg h-6 belom nemu outfit ktemu dpr?!!! Saya saya sayaaa,negatif
"@HendyWidyow @sbyfess Jeneng e preman mas, lek sogeh ga ngara dadi preman, dadi dpr.",negatif
@c90mikey hula hoops pero de dpr,negatif
"HARI ASPIRASI

Anggota DPR RI Fraksi PKS, Amin AK dan Suryadi Jaya Purnama, menerima aspirasi dari warga Bandung Barat, tepatnya yang tinggal di Kec. Ngamprah dan Kec. Padalarang, guna membahas mengenai wilayah mereka yg terkena dampak negatif akibat pembangunan kereta cepat. https://t.co/kSK6tYw7pb",Positif
"Berita Papua // Lagi, DPR Papua dan keluarga korban mutilasi minta 6 prajurit TNI diadili di Timika https://t.co/034QAMjIqX https://t.co/onfLnf2RfR",Positif
"https://t.co/CJqa5jOQta ==&gt; Pemerah Bibir Alami Original Beauty Clinic #pemerahbibir #perokok #bibirpink #bibirhitam #lipstick #serumbibir #bestseller #gratisongkir #bayardirumah
#ruukuhp #dpr",negatif
"@collegemenfess Bolos nder, karena walaupun izin tetap dianggap tidak hadir",Positif
d-day! see u dpr gang!!,negatif
@oxygenoid @pn7l7h Pungli sudah tradisi bangsa ini dpr aja masih pda pungli,negatif
Anggota DPR dapil sumatera Barat paling sok suci itu tahu ga sih anaknya suka banget telanjang di Instagram?,Positif
@poetheejin dpr live amooo,negatif
@poetheejin DPR ALI LACRE,Positif
HOYY NAAY CONCERT ANG DPR!!!!!!!!!!!!!!!!!!!,negatif
"@hardye76 Anggota dpr kan tunjangan komunikasinya berjuta2, ya ditelephon lah itu Pak Bas masa cm ngandelin wa.",negatif
YLBHI: Pemerintah dan DPR Mengulang Situasi 2019 Saat RKUHP Ditolak #ylbhi #rkuhp #matradata https://t.co/0bZOm51w3T,Positif
YLBHI: Pemerintah dan DPR Mengulang Situasi 2019 Saat RKUHP Ditolak #ylbhi #rkuhp #matradata https://t.co/U8fPGe5NVp,Positif
"Inilah yg disebut Rakyat kecil..â€¼â˜ï¸
Semua bkampanye utk rakyat. ..tp rakyat kota yg borju...ğŸ˜‘
@PDemokrat 
@PartaiGolkar 
@PDIPPusat 
@NasDem 
Bulshiiittt..ğŸ™„ jembatan pnyeberangn sj tak ada yg peduli...ktnya anggota DPR reses k tmpt rakyatnya yg milih..tp hny bobok dihotelğŸ¤¡ https://t.co/qdLfiyDXdT",negatif
hyunjin che cita ian my skz x dpr crumbs https://t.co/Tmd6Jc90hk,Positif
"Pimpinan DPR: Kalau Terus-terusan Dibahas Ulang RUU KUHP Tak Kunjung Disahkan https://t.co/i4PxFmWREk 

@Kemenkumham_RI @bhp_semarang #bhpsemarang #KumhamPasti #KamiPasti #KumhamSemakinPasti #Kumham #kemenkumham #kemenkumhamri #Twitter #2022SemakinPasti #berita #RKUHP #news",Positif
Dpr+ty+mark lee https://t.co/2t4lB48rGE,negatif
dpr we gang gang,negatif
"Wamenkumham, Hasil Diskusi Masyarakat, Pemerintah, &amp; DPR Dimasukkan dalam RKUHP https://t.co/LVJPJStieL 

@Kemenkumham_RI @bhp_semarang #bhpsemarang #KumhamPasti #KamiPasti #KumhamSemakinPasti #Kumham #kemenkumham #kemenkumhamri #2022SemakinPasti #berita #RKUHP #news #Twitter",negatif
"Pengesahan RUU RKUHP, DPR Tunggu Hasil Bamus https://t.co/rNtVWJCksy 

@Kemenkumham_RI @bhp_semarang #bhpsemarang #KumhamPasti #KamiPasti #KumhamSemakinPasti #Kumham #kemenkumham #kemenkumhamri #Twitter #SocialMedia #2022SemakinPasti #berita #RKUHP #news",negatif
"Terima Masukan RKUHP, Organisasi Advokat Apresiasi Pemerintah dan DPR https://t.co/m9M6AQVEbz 

@Kemenkumham_RI @bhp_semarang #bhpsemarang #KumhamPasti #KamiPasti #KumhamSemakinPasti #Kumham #kemenkumham #kemenkumhamri #Twitter #SocialMedia #2022SemakinPasti #berita #RKUHP #news",Positif
"Komisi III DPR Nilai Wajar Masih Ada yang Memprotes RKUHP https://t.co/vVOzhFTeNC 

@Kemenkumham_RI @bhp_semarang #bhpsemarang #KumhamPasti #KamiPasti #KumhamSemakinPasti #Kumham #kemenkumham #kemenkumhamri #Twitter #SocialMedia #2022SemakinPasti #berita #RKUHP #news",Positif
"Komisi III DPR Berharap RKUHP Disahkan Menjadi Undang-Undang https://t.co/soyRqnIpVf 

@Kemenkumham_RI @bhp_semarang #bhpsemarang #KumhamPasti #KamiPasti #KumhamSemakinPasti #Kumham #kemenkumham #kemenkumhamri #Twitter #SocialMedia #2022SemakinPasti #berita #RKUHP #news",Positif
"Koperasi penggerak ekonomi nasional sebagai soko guru ekonomi Indonesia

#DukungKSPtetapdiKemenkop

@jokowi
@DPR_RI
@KemenkeuRI
@KemenkopUKM",Positif
"Melangkah bersama sama demi kesejahteraan bersama. 
#DukungKSPtetapdiKemenkop

@jokowi
@DPR_RI
@KemenkeuRI
@KemenkopUKM https://t.co/XwaERCGsDb",negatif
"Koperasi penggerak ekonomi nasional sebagai soko guru ekonomi Indonesia

#DukungKSPtetapdiKemenkop

@jokowi
@DPR_RI
@KemenkeuRI
@KemenkopUKM

https://t.co/recFSC84qx",Positif
"DPR Klaim tak Ada Penolakan dalam Pengambilan Keputusan RKUHP https://t.co/qUHzRhiP7V 

@Kemenkumham_RI @bhp_semarang #bhpsemarang #KumhamPasti #KamiPasti #KumhamSemakinPasti #Kumham #kemenkumham #kemenkumhamri #Twitter #SocialMedia #2022SemakinPasti #berita #RKUHP #news",negatif
@FPKSDPRRI Berusaha lah menjadi ketua DPR..semoga dapat membuat undang-undang yang pro dgn Islam,Positif
"DPR Tak akan Lakukan Pembahasan Ulang Substansi RKUHP https://t.co/7TZWeWJto4 

@Kemenkumham_RI @bhp_semarang #bhpsemarang #KumhamPasti #KamiPasti #KumhamSemakinPasti #Kumham #kemenkumham #kemenkumhamri #Twitter #SocialMedia #2022SemakinPasti #berita #RKUHP #news",negatif
"Dasco: Pengesahan RKUHPÂ Tunggu Hasil Bamus DPR https://t.co/cfjYggyKtj 

@Kemenkumham_RI @bhp_semarang #bhpsemarang #KumhamPasti #KamiPasti #KumhamSemakinPasti #Kumham #kemenkumham #kemenkumhamri #Twitter #SocialMedia #2022SemakinPasti #berita #RKUHP #news",negatif
"DPR Pastikan RKUHP Tinggal Disahkan https://t.co/FeLSzJDFEy 

@Kemenkumham_RI @bhp_semarang #bhpsemarang #KumhamPasti #KamiPasti #KumhamSemakinPasti #Kumham #kemenkumham #kemenkumhamri #Twitter #SocialMedia #2022SemakinPasti #berita #RKUHP #news",negatif
"Koperasi penggerak ekonomi nasional sebagai soko guru ekonomi Indonesia

#DukungKSPtetapdiKemenkop

@jokowi
@DPR_RI
@KemenkeuRI
@KemenkopUKM

https://t.co/7V3mNPPqdY",Positif
"Bamus DPR Bahas RKUHP Pekan Depan Sebelum Disahkan Jadi UU diParipurna https://t.co/JBVtSqfItH 

@Kemenkumham_RI @bhp_semarang #bhpsemarang #KumhamPasti #KamiPasti #KumhamSemakinPasti #Kumham #kemenkumham #kemenkumhamri #Twitter #SocialMedia #2022SemakinPasti #berita #RKUHP #news",Positif
@hardye76 kinerja bagus... DPR masih cari2 celah utk mncari kekurangan... ğŸ˜“,Positif
@_DPRLIVE DPRÃ— NCT COLLAB WHEN !?!??!?!,negatif
"Ketua DPR RI @puanmaharani_ri menerima brevet Hiu Kencana ke tujuh pejabat tinggi negara dalam KRI Alugoro-405 di Dermaga 100 Tanjung Priok, Jakarta Utara.

#PuanMaharani 
#puanmaharanicentre https://t.co/CEPSO4CY4k",Positif
"DPR: Pengesahan RKUHP Tunggu Hasil Bamus https://t.co/CQHfs8HYf7 

@Kemenkumham_RI @bhp_semarang #bhpsemarang #KumhamPasti #KamiPasti #KumhamSemakinPasti #Kumham #kemenkumham #kemenkumhamri #Twitter #SocialMedia #2022SemakinPasti #berita #RKUHP #news",negatif
dpr we gang gang later with haeyong https://t.co/qXYXvvqZrP,negatif
"Jyaan...dipikir2 kok malah kepikiran ya..
#DukungKSPtetapdiKemenkop

@jokowi
@DPR_RI
@KemenkeuRI
@KemenkopUKM",negatif
"Ini merupakan ikhtiar kami untuk memperjuangkan dan ikut serta memajukan ekonomi.
#DukungKSPtetapdiKemenkop

@jokowi
@DPR_RI
@KemenkeuRI
@KemenkopUKM https://t.co/u4ISx701Js",Positif
@rupeka_ghozy @PSSI Y kn klo warganegara mesti ad Dpr presiden dll,negatif
"Ketua Komisi III DPR Perkirakan RKUHP Disahkan https://t.co/AaTpzTrbLz 

@Kemenkumham_RI @bhp_semarang #bhpsemarang #KumhamPasti #KamiPasti #KumhamSemakinPasti #Kumham #kemenkumham #kemenkumhamri #Twitter #SocialMedia #2022SemakinPasti #berita #RKUHP #news",Positif
"Perekonomian pasca pandemi harusnya menjadi fokus @KemenkopUKM bukan malah diserahkan ke OJK. 
#DukungKSPtetapdiKemenkop

@jokowi
@DPR_RI
@KemenkeuRI https://t.co/4yfOc3hRj0",Positif
"Dalam keberjalannya selama ini,harusnya dari @KemenkopUKM mengambil momentum dan lebih memperkuat peran dalam pengawasan Koperasi.
#DukungKSPtetapdiKemenkop

@jokowi
@DPR_RI
@KemenkeuRI https://t.co/PbOfijTUuL",negatif
"Gara-gara ga diajak bapaknya, akhirnya Agus buat acara sendiri di Australia..

Makanya coba nyaleg biar biar mulai dari jadi anggota DPR..

Kalau pun gagal pilpres 2024 ada kerjaan, ga cuma jalan-jalan kesana kemari ga ada faedahnya.. https://t.co/fMGtDgIjuA",negatif
"Koperasi jelas memperkuat ekonomi anggotanya,harusnya ya...
#DukungKSPtetapdiKemenkop

@jokowi
@DPR_RI
@KemenkeuRI
@KemenkopUKM https://t.co/K3VdQpbHQK",Positif
DPR IAN es god,Positif
"Ajakan nabung di Koperasi lebih diraaakan kebermanfaatannya oleh masyarakat.
#DukungKSPtetapdiKemenkop

@jokowi
@DPR_RI
@KemenkeuRI
@KemenkopUKM https://t.co/rQmdAQ1lqW",negatif
"Koperasi selalu mengedepankan kesejahteraan anggotanya dengan berasaskan kekeluargaan.
#DukungKSPtetapdiKemenkop

@jokowi
@DPR_RI
@KemenkeuRI
@KemenkopUKM https://t.co/kzfVBMYaq0",negatif
DPR LIVE X NCT NO HAY DUDA,Positif
"Ketika ditanya,apa yang kamu pikirkan?#DukungKSPtetapdiKemenkop

@jokowi
@DPR_RI
@KemenkeuRI
@KemenkopUKM",negatif
goodnight naiinggit ako gusto ko rin maki dpr we gang gang bukas ğŸ’”,negatif
"KAMI INSAN KOPERASI
MENOLAK RUU PPSK
KARENA MERUSAK 
DEMOKRASI EKONOMI

#TolakOJKdiKoperasi 
#kerajinan 
@KemenkopUKM 
@KemenkeuRI 
@DPR_RI https://t.co/mwRBPrfE5M",Positif
"KAMI INSAN KOPERASI
MENOLAK RUU PPSK
KARENA MERUSAK 
DEMOKRASI EKONOMI

#TolakOJKdiKoperasi 
#kerajinan
@KemenkopUKM 
@KemenkeuRI 
@DPR_RI https://t.co/2x8vQiNpXW",Positif
DPR we gang gang today! Maaga nagising dahil probinsya pa ng Alabang pupuntahan ko hahaha https://t.co/hJDk3wxpn5,negatif
@pwtlover dpr ian câ€™est un artiste,Positif
bantu sal ketemu dpr ian,Positif
3 Rapper DPR yang Bakal Meriahkan â€˜THE REGIME WORLD TOURÂ 2022â€™ https://t.co/xOgBG7WEc7,negatif
markkk ke notice dpr nohh ğŸ˜³ğŸ˜³,negatif
Ini beneran mingdep ketemu dpr? ğŸ¥¹ğŸ˜­,negatif
@TsunasFlames @deviIlegacy dpr we gang gang,negatif
DPR x NCT collab ğŸ˜—,negatif
@dprdabin Martini ğŸ¸,negatif
Jangan Pilih Ketua DPR Tersangkut Korupsi. Berikut ini Setya Novanto Korupsi Baca selengkapnya. https://t.co/sZ20eGH9m5,negatif
"KAMI INSAN KOPERASI
MENOLAK RUU PPSK
KARENA MERUSAK 
DEMOKRASI EKONOMI

#TolakOJKdiKoperasi 
@jokowi 
@KemenkopUKM 
@KemenkeuRI 
@DPR_RI https://t.co/cYlOwy24RQ",Positif
Dpr live- Jasmine&gt;&gt;&gt;&gt;&gt;,negatif
dpr we gang gang ğŸ¥²ğŸ¤Ÿ,negatif
Komisi VII DPR RI Bahas RUU EBET Bersama Pemerintah https://t.co/nDVwQdBZvI,Positif
Komisi VI DPR Dukung PLN Wujudkan Penyediaan Listrik Hingga Pelosok Negeri https://t.co/KEI6tkR2N0,Positif
"BBM naik sama dengan rakyatnya jadi pada miskin, kita disuruh ngirit2 DPR minta naik gaji",negatif
@DPR_RI Kami an rakyat Indonesia meminta agar UUD peres di rubah menjadi 3 priode kepada anggota dewan kami mohon di wakili terima kasih,negatif
"@Ramires07543204 @Aby64378069 @DaengWahidin2 Loll kalau kapasitas mu cuman nyinyir doang ,unfaedah !
Negara ini mau dia ngutang .bangun tol apa pun itu sudah ada yg mengurus nya .
Inget ada DPR dll mitra pemetintah dalam mmbangun negara.ini dan semua ada mekanisme nya,mata mu jangan picek tau nya pak jokowi aja ..ğŸ¤£ğŸ¤£loll",negatif
@FraksiRakyatID @MCAOps Berarti enggak ada gunanya DPR.. Karena rakyat mana yg di wakili,negatif
@OLDRACHA97 @DPR_Gra HAAHAHHAHA,negatif
dpr gang gang in mnlğŸ˜­,negatif
DPR AND NCT?!:!/$/$!/,Positif
DPR IAN https://t.co/7JVA80e1vC,Positif
"lf kasama sa queue gen-ad/con buddy for dpr manila!  

#DPRMANILA #DPRinMNL",Positif
"Uang cucuran masyarakat jatuhnya
ke DPR juga",negatif
mark dpr live NANGIS AJALAH GW,negatif
"TERKUTUK LAH KALIAN @pertamina , @jokowi , @basuki_btp , @erickthohir , @DPR_RI DAN SELURUH PEMANGKU KEBIJAKAN MENAIKKAN BBM, BUAT KAMI DRIVER TAXI ONLINE, SAYA YAKIN OJOL JUGA SUDAH TIDAK BISA BERHARAP PADA PROFESI INI , SEMOGA KALIAN DI LAKNAT ALLOH SWT KARENA KEZALIMAN KALIAN",negatif
need tikon dpr ğŸ˜­ğŸ¤ğŸ½,negatif
Eh sumpah gw ga mulukÂ² ngarep collab TAPI ANJING DABIN TAU TAEYONG TUH GWğŸ˜–ğŸ˜–ğŸ˜–ğŸ˜–ğŸ˜–ğŸ˜–ğŸ˜–ğŸ˜–ğŸ« ğŸ« ğŸ« ğŸ« ğŸ« ğŸ« ğŸ«  tapi kalobisa collab sih dpr live x taeyong mark ANJING STOPPPPPPPP,negatif
"@diantaratitik @Komodo_jogging @PartaiSocmed Keliru. Harusnya ttp ada oposisi di DPR sbg controller kinerja Eksekutif donk? Mereka diem ya brrti salah donk knp? Gak kerja sesuai jobnya, dibayar pake pajak kita pula. Di satu sisi  politik jokowi bagus, memberangus oposisi sampe ompong. Paling an yg bunyi perorangan aja",negatif
@couprang_hey @_DPRLIVE Dpr mark when,negatif
Manifesting dpr x nct ğŸ™ğŸ¼,negatif
ANG PANGIT NG WEEK NA â€˜TO HA? â€˜Di ko na makikita dpr gang tapos â€˜di ko rin makikita en-,negatif
"@XuehuaVT keshi, twice, dpr ian &amp; live, nct 127, thuy, niki, monsta x, n rini",negatif
@STAR1xSISTAR dpr ian scaredy cat?,Positif
dpr we gang gang tom pero team bahay T^T,negatif
"@PresidenKopi Ketua DPR RI kena sandera kasus sambo,baru kabar angin..makanya magut gak berkutik",negatif
i believe iiyak aq latur eyY dpr we cri cri,negatif
"@offor2000 DPR
EFCC
DSS",negatif
dpr we gang gang,negatif
hyunjin eligio a dpr ian cm el artist q mas le gusto d 2022 xfavoorr,negatif
DPR IANNNN LETS GO,negatif
putangina hindi ko makikita dpr mamaya ang sakit sa puso,negatif
"Rakyat akan gugat DPR 
#JokowiTakutDimakzulkan 
#JokowiTakutDimakzulkan",negatif
"@awwicakk @rizqitamiang Suka-suka orang lah mau bikin aturan negara pakai apa. Aturan negara kita juga banyak yang berdasar agama lho? Protes aja ke DPR kalau dirasa aneh. Dan kalaupun itu aturan dari agama sekalipun, bukan berarti jadi ga valid. Rusia &amp; China tetep ban lgbt tuh walau tanpa agama",negatif
@genztleman @Xp_240 ntar pas udah jadi dpr,negatif
Bimtek : Komisi IV DPR RI melalui Aspirasi Alien Mus melakukan langkah sinergi bersama Direktorat Jenderal Perkebunan Kementrian Pertanian RI dalam bentuk bimbingan teknis kepada petani. https://t.co/TFOfxQoTxO,Positif
"batin kalo th bsk doi kesini lagi mau nonton paling depan, tapi mau dpr, sm town, sama tds juga :&lt;",negatif
dpr we gang gang âœ¨âœ¨,negatif
"DPR dan pemerintah dianggap tergesa-gesa. Bukan tidak mungkin terjadi lagi unjuk rasa besar-besaran untuk menunda pengesahan RKUHP. Dasarnya, karena RUU RUKHP harus direvisi. #Polhuk #AdadiKompas
https://t.co/ctpMITjgUW",negatif
"DPR dan pemerintah dianggap tergesa-gesa. Bukan tidak mungkin terjadi lagi unjuk rasa besar-besaran untuk menunda pengesahan RKUHP. Dasarnya, karena RUU RUKHP harus direvisi. #Polhuk #AdadiKompas

https://t.co/RN3sm63cy6",negatif
"joji dpr, my twinğŸ¤ğŸ¼",Positif
"Masaiya mimpi ketemu &amp; ikrib sm dpr Dabin. Pdhl gue gatau samsek mukanya kek gmnğŸ˜­ 
pas bangun, buka instagram nyari LAH SAMA PERSIS KEK DIMIMPIğŸ˜­ğŸ˜­",negatif
DPR: Siapkan Strategi Agar Hilirisasi Nikel TetapÂ Jalan https://t.co/E7x4amW2OO,negatif
nakakaiyak di ako kasali mag dpr we gang gang mamaya,negatif
"@opposite6892 Karna suara rakyat (di Indonesia namanya DPR).

itulah awal mulanya.

Akhir dari kerajaan ottoman.
Akhir dari kerajaan turki.

Perjuangan terakhir adalah dari Bangsa Turki.
Next -&gt; Unknown.
2888",negatif
"@pribumiantiarab @opposite6892 Karna suara rakyat (di Indonesia namanya DPR).

itulah awal mulanya.

Akhir dari kerajaan ottoman.
Akhir dari kerajaan turki.

Perjuangan terakhir adalah dari Bangsa Turki.
Next -&gt; Unknown.",negatif
D-DAY!!! see u dpr gang â™¡,negatif
Bupati Zaki Ajak Rombongan Komisi IV DPR RI Jajaki Kawasan KetapangÂ Aquaculture https://t.co/iLxvwy0PwU,Positif
menangiss aku bru nyadar klo nct banyak dengerin lagu dprğŸ˜­,negatif
"ğŸ¿ï¸ : One oke rock seperti biasaa ğŸ¤ŸğŸ’ƒ
Umo : si presiden myday ğŸ€ Ehh tapi lagi oleng ke anak xh ğŸ¤£ gapapa umoo ku juga suka â£ï¸
Hyunee : DPR IAN WE GANG GANG! ğŸ˜­ğŸ¤ŸğŸ”¥ https://t.co/oNWmeMumfC",negatif
Dope Lovers - DPR IAN,Positif
Dpr we gang gang x8,negatif
dpr we gang gang &lt;&lt;&lt; dpr we cry cry ğŸ˜”,negatif
gusto ko din maki dpr we gang gangğŸ˜­ğŸ˜­,negatif
"AAA COWO"" GUE ADA CRUMBS SAMA DPR ğŸ˜µâ€ğŸ’«ğŸ˜µâ€ğŸ’«",negatif
"aguy hindi makakapag ""dpr we gang gang"" ğŸ˜”",negatif
Presiden Ajukan Satu Panglima TNI Kepada DPR https://t.co/LScqa9BC3v,Positif
Nct collab dong sama dpr ğŸ‘‰ğŸ»ğŸ‘ˆğŸ»,negatif
vai sm libera o markola pro feat com dpr,negatif
HYUNJIN ESCUCHA A DPR AAAA,negatif
"sorry DPR, di nyo muna ako makikita bukas ğŸ˜”",negatif
"Taeyong, mark x DPR",negatif
Komisi I DPR dan pemerintah menyepakati RUU kerja sama antara RI dan Singapura di bidang pertahanan. RUU akan disahkan di rapat paripurna. https://t.co/eU0fSWHHoI,Positif
dpr x 127,negatif
"@NarasiNewsroom Udah kayak UU VOC... padahal Presiden &amp; DPR dipilih oleh rakyat. Bekerja dan digaji oleh rakyat. Kebayangkan kamu semua, kalau kamu gaji orang, tp kamu ga bs kritik itu orang? Dan lucunya, yg kamu gaji malah zolim sama kamu",negatif
GAGO DPR IN MANILA !!,negatif
Presiden @jokowi memimpin rapat terbatas mengenai progres RUU KUHP yang telah disepakati oleh DPR dan pemerintah pada rapat paripurna tingkat I. https://t.co/Fvz69OkQUW,negatif
"nugagawen kung di makakapag ""dpr we gang gang"" mamaya",negatif
@jelasbukanonta @Tita83079013 @mohmahfudmd @MajelisUlamaID @MUIPusat @Kemenag_RI @DPR_RI @Itjen_Kemdikbud @kemkominfo @PolhukamRI @Kemendagri_RI @jokowi @nadiemmakarim @Kemdikbud_RI @na_dirs @DivHumas_Polri @KomnasHAM @aagym @BNPTRI @KPAI_official @ListyoSigitP Lebih biadab lagi agama yang datang dari eropa yg membunuh rakyat indonesia,negatif
gue agak nyesel melewatkan keshi kemarin dan dpr besok,negatif
Komisi V â¦@DPR_RIâ© @PDemokrat Ishak Mekki Berharap Keterlambatan Pengerjaan Flyover Simpang Sekip Dapat Dikejar https://t.co/3UU30Kbr8q,Positif
@dinosaurus_____ @jonisoeh beda dpr mas,negatif
"Sialan, ruto nyanyiin lagu DPR kiss meğŸ˜­ğŸ˜­ğŸ˜­ğŸ˜­ğŸ˜­",negatif
@fentadhia @_DPRLIVE dpr x mark vibe e muasok sihh,negatif
NASA PH NA DPR CREW?#?$(#(,negatif
DPR - KISS ME (Haruto &amp; Jeongwoo short cover) https://t.co/7yfMPc1Q87,negatif
"UMP DKI 2023 Naik Rp 326 Ribu, Buruh: Nggak Manusiawi, Kita Akan Tetap Miskin! https://t.co/E5KkHHV7Mg @DPR_RI @DPRD_DKI @DKIJakarta @KemnakerRI @setkabgoid @KomnasHAM",negatif
"Naik Kapal Selam KRI Alugoro-405, Ketua DPR RI Terima Brevet Kehormatan TNI AL https://t.co/qh4IsLUkde",Positif
"@strraggal Yaudah jaditu katanya monas ma gedung dpr tuh berpasangan. Yang monas lambang keperkasaan, yang gedung dpr lambang wanitanya gitu.",negatif
@weirdlycl @riz1nonly @afinesc0tch @cubblez @depingggg @tetesown dpr kler spny dpr ri,Positif
gusto ko rin mag dpr we gang gang :((,negatif
"@CNNIndonesia fokus lah ikn itu dibangun pusat pemerintahan, istana presiden, dpr, kementrrian  dan ASN, fasilitas2 itu tak perlu super megah. Masih ada 30 an lebih ibukota propinsi lain di RI yg harus dibangun jd super metropolitan.ibu kota Kupang, Bengkulu, dll sgt tertinggal drpd Jakarta",negatif
Jangan Pilih Ketua DPR Tersangkut Korupsi. Berikut ini Setya Novanto Korupsi Baca selengkapnya. https://t.co/sZ20eGq6k5,negatif
Dirut PT Krakatau Steel Minta Tolong DPR Kawal Saham di Krakatau Posco https://t.co/4EUYB7ui3y https://t.co/WfNaHYtZDv,negatif
@_hjoshuji ang hirap maki dpr we gang gang kung may tahi ka sa tagiliran HAHHAAHHAHAHAHHA,negatif
dpr we gang gang,negatif
dpr we gangğŸ˜­,negatif
"https://t.co/fim5oEAmG8
Perlu Adanya Aturan Bersama Atasi Tumpang Tindih Pengembangan Pariwisata @DPR_RI @PDemokrat @dedeyusuff12 https://t.co/UGN4GPfT9r",Positif
@snoopypriv DPR WE GANG GANG,negatif
@DPR_RI Nama saya Muhammad Dodi bekerja di dinas pemadam kebakaran kota Makassar dibidang sarana/ operasional 24 jam dan saya mengabdi selama 15 tahun 6 bulan tiba2 diputuskan/diberhentikan tanpa ada alasan tertentu dikarenakan adanya kebijakan pejabat kadis.,negatif
Komisi I DPR dan pemerintah menyepakati RUU kerja sama antara RI dan Singapura di bidang pertahanan. RUU akan disahkan di rapat paripurna. https://t.co/GPlr7jJhhK,Positif
"@CNNIndonesia ikN itu harusnya fokus pusat pemerintahan RI, kenapa jadi melebar jadi kota super megah? Kalau memang istana presiden, dpr dan kantor2 ASN, buat apa kereta cepat, mal2 besar, disana? Washington DC saja melarang bangun gedung2 lbh tinggi dr capitol hill, kok tujuan IKN begini?",negatif
"@datuakrajoangek FPI sdhdi bubarkan gaknjelas, bbrp pimpinannya ada yg dpenjara dgn kasud yg tdk jelas...eh lu masih nyebu2 FPI, sakit hati lu mendalam banget ya...skali2 ngaca di depan gedung DPR ha3x.",negatif
HYUNJIN ESCUCHA DPRğŸ˜­ğŸ˜­,negatif
"@wavetoniel Harusnya display namemu gini vrii â€œVrie will meet para DPR soonâ€

Maju mundur mau pesen buat taun depan :(((",negatif
dpr who???ğŸ˜,Positif
@collegemenfess Orasi di depan gedung DPR,negatif
Komisi I DPR dan pemerintah menyepakati RUU kerja sama antara RI dan Singapura di bidang pertahanan. RUU akan disahkan di rapat paripurna. https://t.co/GPlr7jsefK,Positif
@ubinhasnanto1 @CNNIndonesia @DPR_RI @dprddkijakarta Yang sabar..sebentar lagi kok..ya.  Sabaaar ..2023 dah deket ğŸ˜‚ğŸ˜‚ğŸ˜‚,negatif
"DPR IAN, ONE OK ROCK
Kyknya kita bisa satu tongkrongan sih ğŸ˜© https://t.co/3aJ67bQ8UU",Positif
Tanggal 6 DPR we gang gang,negatif
Ya csvvv NCT X DPR,negatif
"@lely_riyan Ditakdirkan untuk jd anggota DPR, dapur wkwkwk",negatif
"10. Pasal 49 ayat (2) UU No. 13/2022 menyebutkan bahwa:

(2) Presiden menugasi menteri yang mewakili untuk membahas RUU disertai dengan daftar inventarisasi masalah bersama DPR dalam jangka waktu paling lama 60 (enam puluh) hari terhitung sejak surat pimpinan DPR diterima.#",Positif
"7. Pasalnya, Pemerintah menyerahkan Surpes (Surat Presiden) RUU EBET, namun tidak menyerahkan Daftar Inventarisasi Masalah (DIM).
.

Padahal sesuai aturan UU No. 13/2022, harusnya kedua dokumen tersebut sudah diserahkan paling lambat 60 hari sejak diterimanya surat dari DPR.",Positif
3. dengan acara: Pengantar Musyawarah RUU EBET secara terang-terangan pihak Pemerintah menyatakan belum dapat mengirimkan DIM kepada DPR.  Karena masih berproses di Sekretariat Negara.,negatif
"2. Pasalnya dalam Raker Komisi VII DPR RI dengan Menteri ESDM, Menteri Keuangan, Menteri LHK, Mendikbud Ristek, Menteri BUMN, Menteri Hukum dan HAM, Pimpinan Komite II DPD, pada Selasa, 29 November 2022,",Positif
dpr ruto kiss me audio kasi di ako makaka dpr we gang gang agoi,negatif
@_DPRLIVE @baekybock dpr live x mark lee soon ğŸ«¶ğŸ«¶ğŸ«¶,negatif
kaiyaq di ko marinig live ang dpr we gang gang ğŸ˜¿,negatif
"Tercantik itu masih nana after school sih, klo ganteng dpr ian keknya",negatif
wala muna kong kilalang dpr at stayc phew,negatif
mag dpr we gang gang nalang aq sa sm bukas ğŸ˜Œ,negatif
Dirut PT KS Minta Tolong DPR Kawal Saham di Krakatau Posco https://t.co/G941XxthhA,negatif
dpr ian in manila im gonna cri,Positif
ANDITO NA PALA DPR PUTANGINA,negatif
"Calon Pengganti Andika Perkasa Belum Lewati Fit and Proper Test, DPR: Kami Harus Menunggu Bamus https://t.co/KGe2BqPvyx",Positif
dpr we gang gang :((,negatif
iyak na lang sa mga hindi makakapag dpr we gang gang,negatif
sanaol makakapag dpr we gang gang,negatif
Komisi I DPR Belum Tentukan Jadwal Fit and Proper Test Calon Panglima https://t.co/ENMLPjP21s,Positif
Komisi I DPR Tunggu Uji Kelayakan Panglima TNI https://t.co/wYQ18LGCSE,Positif
dpr we gang gang sa bahay;-;,negatif
@yaelahbre lahhh gua mah sukanya lagu2nya dpr live wleeğŸ˜‹ğŸ˜‹,negatif
Wow kelar konser dpr udah kudu fokus garap laporan soalnya udah muncul jadwal seminar omg gonna be crazy next monthğŸ˜»ğŸ˜»ğŸ˜»,negatif
"kiss me by dpr live
come over by dean n baek yerin
oscar by kawan2 h1ghr
oasis by zico n crush
vancouver by big naughty
party by sik-k

lu beneran cowo gw @ toto",negatif
"wts dpr the regime tour jakarta
avail 2 tix pink vip tribune
jual dibawah harga ticketing
dm for more info

#DPRRegimeTourJKT #DPRinJakarta",negatif
@jonisoeh tgl 6 gua konser dpr ian mampus iri ga lu,negatif
"""Nama yang diusulkan oleh presiden menggantikan Panglima TNI Jenderal Andika Perkasa adalah Laksamana TNI Yudo Margono, Kepala Staf Angkatan Laut saat ini,"" sebut Puan, dalam jumpa pers di Gedung DPR RI Senayan, Jakarta. https://t.co/BjZSGk83L4",Positif
"Puan adalah salah satu pemimpin masa depan. Di bawah kepemimpinan Puan Maharani, saat ini DPR menjadi lebih adem karena dipimpin seorang perempuan. https://t.co/lhy6CCnunF",negatif
Padahal sudah dari periode 2014-2019 menggodok RUU Masyarakat Hukum Adat tetapi ngga ada kemauan politik dari Presiden dan DPR. Jika RUU ini menjadi momok yg menghambat investasi maka seharusnya para pengambil kebijakan juga menyadari bahwa...,negatif
@Obelianaaa @ubsansfess WKWKWK DPR IAN JDI RIAN SOEDRAJAT KSKSKSK BAGI AU,Positif
Teks sastra sejarah salak Bogor Jawa barat Indonesia ya kak udh di les privat bahasa Inggris yang datang dari arah belakang dan depan muka dia juga pernah mengalami dimintai uang oleh DPR saat menjadi majalah popular gue sm pundak dia akan selalu menjadi dambaan hampir uncrush,Positif
"Sebagai tokoh perempuan, nama Ketua DPR RI Puan Maharani menonjol dalam bursa calon Presiden dan Wakil Presiden 2024. https://t.co/CNIIXlYfnu",negatif
DPR WE FUCKEN GANG GANG AHUHU MAKIKITA KO NA SI CHRISTIAN YU,negatif
"Presiden @jokowi Ajukan Satu Calon Panglima TNI kepada DPR

Presiden Joko Widodo telah mengajukan Laksamana TNI Yudo Margono sebagai calon tunggal Panglima Tentara Nasional Indonesia untuk menggantikan Jenderal TNI Andika Perkasa. https://t.co/TrfjZwalFk",Positif
Ketua DPR Puan Maharani dinilai sebagai figur perempuan harapan publik untuk kontestasi Pilpres 2024. https://t.co/FyTlTzlwcY,negatif
Presiden Jokowi Ajukan Satu Calon Panglima TNI kepadaÂ DPR https://t.co/SzXBg9zaOn,Positif
Puan Maharani akan menerima Presidensi AIPA dari Parlemen Kamboja kpd DPR RI yg pada 2023 jadi tuan rumah AIPA ke-44. https://t.co/pdf1quXSm6,negatif
"sumpah ya gue lg solat isya td, hpnya gue taro samping gue kan WAKTU GUE TAHYHAT AKHIR RUTO SM JONGU NYANYI KISS ME DPR sumpah  gue buyar bgt malah baca al fatihah waktu tahyat akhir ajg ğŸ˜­",negatif
LET ME SEE DPR ğŸ˜­,negatif
@ian__dpr Bukan guwe! Gwe pengabdi setund aja,negatif
"di ako makaka dpr we gang gang, pakisigaw na lng ako ã… ã… ",negatif
"kibum x dpr ian 'so beautiful' edit
https://t.co/NGd6kMyxKi",negatif
Mo nanya apaan ya ke anak DPR buat QnA. Nanya anggaran APBN untuk R*HL kali ya,negatif
Gagi di ako makatulog for dpr ğŸ¥¹ğŸ–¤,negatif
"Mengenai nama perempuan yang masuk dalam radar Capres 2024, Direktur Eksekutif Perludem Khoirunnisa Nur Agustya mengakui nama Ketua DPR Puan Maharani. https://t.co/rRxipQc8X0",negatif
Ketua DPR RI sekaligus Ketua DPP PDIP Puan Maharani menyatakan partainya siap memiliki capres sendiri dalam pergelaran Pilpres 2024. https://t.co/whwt1BvzGN,negatif
Surat Presiden (Surpres) Panglima TNI sendiri telah disampaikan kepada DPR oleh Menteri Sekretaris Negara Pratikno pada Senin (28/11). Selanjutnya Laksamana TNI Yudo Margono akan segera menjalani uji kelayakan dan kepatutan di Komisi I DPR. https://t.co/rZGJ53yzul,Positif
UNTUNG AJAAAA W BELOM BELI TIKET DPR,negatif
MAMAAAAAAAA AKU UDAH DP TIKET DPRğŸ˜­ğŸ˜­ğŸ˜­ğŸ˜­ğŸ˜­ğŸ˜­ğŸ˜­ğŸ˜­ğŸ˜­ğŸ˜­,negatif
dpr ruto ğŸ¥¹ https://t.co/ENjKYXBYto,negatif
sana all makakapag dpr we gang gang bukas,negatif
"â€œPanglima TNI kan sudah kita ajukan. Panglima TNI sudah diajukan ke DPR untuk mendapatkan persetujuan,â€ ujar Presiden Jokowi kepada awak media di Rumah Adat Radakng, Kota Pontianak, Provinsi Kalimantan Barat, pada Selasa, 29 November 2022. https://t.co/A3liItnsxP",Positif
tangina hindi ako makakapag dpr we gang gang ğŸ˜­ğŸ˜­ğŸ˜­,negatif
Presiden Joko Widodo telah mengajukan Laksamana TNI Yudo Margono sebagai calon tunggal Panglima Tentara Nasional Indonesia untuk menggantikan Jenderal TNI Andika Perkasa. Surat Presiden (Surpres) terkait hal tersebut sudah disampaikan kepada DPR untuk mendapatkan persetujuan. https://t.co/6M7RJFXr2Z,Positif
Pengen menguasai DPR supaya bisa revisi UU Perkawinan Pasal 2 ayat (1),Positif
"PRESIDEN LANGGAR UU No.13/2022.
.
Siang ini Raker Pengantar Musyawarah RUU EBET Komisi VII DPR RI dgn Pemerintah.  
.
Tiga Menteri hadir.
.
Namun tanpa DIM.
.
Lebih dari 60 hari DIM blm dikirim.
.
Mengelola negara kok kayak gini. ORA SERIUS.ğŸ™ˆ
@FPKSDPRRI @PKSejahtera @hnurwahid https://t.co/mC0qm9OZaB",Positif
keshi ğŸ¤ dpr ian,Positif
sino ba naman ako para mag dpr we gang gang bukas,negatif
"GUE SHOCK BERAT, karena gue ga pernah sama sekali buka tentang DPR, kayak web ada artis siapa sih.
pas tadi gue buka ANJRITT ITU WEB CANTIKKKK BANGET GA BOONG",negatif
"@convomfs Pasal pencemaran nama baik mau diapus, soalnya mau diganti pasal menghina dpr dan polisi ğŸ™ğŸ»",negatif
@detikcom Susahnya kek mana?? Macam anak kecil pula anggota DPR ini suka bnget ngebego2in diri sndiri ğŸ«£,negatif
Ketua DPR RI Puan Maharani diteriaki presiden usai undang-undang pembentukan Provinsi Papua Barat Daya disahkan.  Puan Maharani pun terkejut sembari memegang dadanya. https://t.co/W1hgNj4otN,Positif
TRAVIS NYANYI LAGU KISS ME DPR LIVE,negatif
DPR LIVE ğŸ˜­ğŸ˜­ğŸ˜­ğŸ˜­ğŸ˜­ğŸ˜­ğŸ˜­,negatif
Paripurna DPR menyetujui permohonan naturalisasi pemain sepak bola Shayne Elian Jay Pattynama. DPR merestui Shayne Pattynama utk disahkan menjadi WNI. Hal tersebut disampaikan Ketua DPR Puan Maharani selaku pimpinan sidang. https://t.co/J4CAgFGof4,Positif
Bayangin guerrilla flag ver yg maen bassnye dpr ian,negatif
eu i hyunjin ouvindo todas do dpr ian ğŸ˜,negatif
"Presiden  Jokowi telah mengajukan Laksamana TNI  Yudo Margono sebagai calon tunggal  Panglima TNI untuk menggantikan Jenderal TNI Andika Perkasa.

Surat Presiden (Surpres) terkait hal tersebut sudah disampaikan kepada  DPR untuk mendapatkan persetujuan.

https://t.co/kiUTPaDGZh",Positif
@syahfrudinprole @jokowi @KemenkopUKM @KemenkeuRI @DPR_RI Siap ndanğŸ™,negatif
Bupati Zaki Ajak Rombongan Komisi IV DPR RI Jajaki Kawasan Ketapang Aquaculture https://t.co/s6c7meclN0 via @BeritaIrn https://t.co/ONs8aloZMX,Positif
dpr live kiss me - #í•˜ë£¨í†  https://t.co/RS8v9aWrSk,negatif
teume! haruto nyanyi lagunya dpr live tapi liriknya suka suka dia,negatif
sana all ka dpr we gang gang bwas,negatif
D-7 ketemu dpr aaaaaa,negatif
"Diah Tekankan Manajemen Distribusi Bantuan di Cianjur

Wakil Ketua Komisi VIII DPR RI Diah Pitaloka menekankan manajemen distribusi bantuan harus merata bagi korban bencana gempa bumi...

Selengkapnya: https://t.co/Q96K3rHXUl 

#PDIPerjuangan
#PDIPerjuanganJabar
#SolidBergerak",Positif
"[Thread] Paparan Wamen II BUMN Kartika Wirjoatmodjo di depan Komisi VI @dpr_ri terkait KCIC @keretacepatid

1.  Desain site plan keempat stasiun KCIC: Halim, Karawang (barat jembatan Cibeet sudah masuk Bekasi), Padalarang, Tegalluar https://t.co/8zSfJmoRGf",Positif
"Di Tahun Politik, DPR Soroti Objektivitas TNI saat Uji Kelayakan https://t.co/BxHpDQDf6s",negatif
WEH HARUTO NYANYIIN KISS ME DPR LIVE DI LIVE-NYA BARUSAN MAU SCREEN RECORD GA KEBURU â˜¹ï¸ NANGIS ğŸ˜­ğŸ¤§,negatif
@MajKhuramPak Kal tum dpr 12 baja keh rha tha PTI ka kashmir sa sefiya ho giya ha or rat ko result aiya to pata chala ka noon ko to sirf 9 seats or ppp ko 11 seats mile hain PTI ko 43 ma sa 23 seats mile hain 3 seats azad umeedwars ko mile hain,negatif
Sana sapakin ako ni dpr ian bukas char,negatif
@ouryeppiee dpr k itu k nya kontol ya?,negatif
"Puan Maharani adalah salah satu pemimpin masa depan. Di bawah kepemimpinan Puan Maharani, saat ini DPR menjadi lebih adem karena dipimpin seorang perempuan. https://t.co/nczbDysGq6",negatif
Haruto anak wag mo kantahin DPR wala na akong pera pambili ng tix nila bukas huhu,negatif
Ketua DPR Puan Maharani dipandang meneruskan spirit kepemimpinan bangsa yang dulu digagas Presiden Soekarno. Dirinya membuktikan keberpihakannya pada kepentingan rakyat kecil. https://t.co/aglaiUxNd2,negatif
@mbahazel dpr ian aja,negatif
"@IrSuwaji3 @MnurRainil @HelmiFelis_ Udah selesai kok masih demo ke DPR. 
Bokep mulu lu tonton.  

https://t.co/Z8ucQXgxIL",negatif
"@Dennysiregar7 Semua salah di mata satu (dajjal)..
Selama menentang pemerintah dan kawannya DPR RI",negatif
AA RUTOO NYANYI LAGU DPR KISS ME AAAAAAAAA,negatif
"Dpr we cri cri, umpisahan ko na cri cri bye",negatif
dpr kiss meğŸ˜­ğŸ˜­,negatif
TANGINA CON NA NI DPR BUKAS DITO SA PH NAIIYAK AKO BAT NYO PINAALALA HJW ğŸ˜­ğŸ˜­ğŸ˜­,negatif
Rutooo plissss full cover lagu dpr ian plisssssss,negatif
"WEH RUTO NYANYI LAGU DPR, dying~~~~~",negatif
DPR PA NGA,negatif
ANJIRRRRRRR RUTO DPR,negatif
DPR KISS ME AAJDKFHAIDFJJS,negatif
waa dpr live ft yeonjun soon,negatif
HARUTO DPR :(((((((((((((((((((((((((((((((((((((((((((((((((((((,negatif
PUTANGINA DPR,negatif
DPR DAW,negatif
"Untuk diketahui, Nusantara Bersatu adalah ajang silaturahmiÂ relawan Jokowidan dihadiri langsung oleh sang presiden tersebut.

Dalam tayangan yang dilihat dari Kanal Youtube BeritaSatu, Adian menilai bahwa acara tersebut bukan prioritasnya sebagai anggota DPR.",negatif
"@Dennysiregar7 Nasdem akan jadi partai twebesar dan saya perkirakan momcong putih 2024 bakal nyungsep, kami akan pilih kader2 nasdem di dpr ri dprd kota / kabupaten, aehingga nasdem akan jd partai twrbeaar seperti dulu demokrat besar karena ada SBY",Positif
"Anggota DPRÂ Adian NapitupuluÂ mengaku tak menghadiri undangan pada acara Nusantara Bersatu di Stadion Gelora Bung Karno (GBK) kemarin. 

Fraksi Partai Demokrasi Indonesia Perjuangan (PDIP) membeberkan alasannya.",Positif
gusto ko din mag dpr we gang gang,negatif
@nearJSJ KAK YANG BENER AJAğŸ˜­ bisa bayangin ga aku jadi DPR IAN?,negatif
DPR WE GANG GANG SA BAHAY,negatif
"@DrEvaChaniago Organisasi Profesi Kesehatan Tolak RUU Kesehatan Omnibus Law, Fahira Minta DPR dan Pemerintah Merespon Bijak

DPD dukung !!!

https://t.co/r5eb9yFZqE",negatif
baru tau klo taeyong jga suka lagunya dpr yg jasmine one of my favorite song sampe pernah masukin nih lagu di playlist yg gue kasih ke bang jago alias mntan q ğŸ’€,negatif
"Organisasi Profesi Kesehatan Tolak RUU Kesehatan Omnibus Law, Fahira Minta DPR dan Pemerintah Merespon Bijak

DPD dukung !!!

https://t.co/r5eb9yFZqE",negatif
"@elsaardhp siapaa yaa, sing uji publik malem2, ehhğŸ¤­ wes koyok dpr pas ape ngesahno ruu ciptaker aeğŸ¤­",negatif
nandito na pala dpr :((,negatif
"@JantunGPiisanG Platnya sama gak?
Klo gak sama, masi kalah ama anggota dpr cap kebo ğŸ˜ğŸ‘",negatif
dpr we gang gang sa bahay ğŸ˜”ğŸ’”,negatif
"221129 @/ota_walter IG POST

ğŸ‡§ğŸ‡· uma honra ğŸ˜
ğŸ·ï¸ @/dprian 

#DPR #DPRIAN https://t.co/NpQMD0fffv",Positif
@ehseoyeon @selfolconvo Pukul kalo berani bapak gw DPR.,negatif
mana pake topi dpr pula @privacode pacarmu,negatif
"@nihilistsob Kyknya dlu ini yg diperjuangkan anang waktu masih dpr, tp blm apaâ€ udh ditentang jrx",negatif
"kawawa nmn c dpr ian, di niya ako makikita",Positif
bukas na pla dpr we gang gang ğŸ’”ğŸ’”ğŸ’”ğŸ’”ğŸ’”,negatif
"KAMI INSAN KOPERASI
MENOLAK RUU PPSK
KARENA MERUSAK 
DEMOKRASI EKONOMI

#TolakOJKdiKoperasi 
@jokowi 
@KemenkopUKM 
@KemenkeuRI 
@DPR_RI https://t.co/gVGBegIyKa",Positif
"WTS tiket konser
DPR REGIME WORLD TOUR - JAKARTA (6 Desember 2022)
YELLOW seating
Bisa cod tiket fisik di venue",Positif
kawawa naman dpr hindi nila ako makikita :D,Positif
@LaNyallaAcademy @DPDRI @DPR_RI @democrazymedia dan sudah sejak awal munculnya wacana perpanjangan masa jabatan dan ato 3 periode. lanyalla sdh di garda depan menolaknya. itu rekam jejak.,negatif
"Istg ini mah galau bangettt belum bisa nonton koner keshi, trus nanti hitc belum bisa nonton niki milli, dilanjut konser tour dpr ğŸ˜­ğŸ˜­ğŸ˜­ğŸ˜­ğŸ˜­",negatif
@Diecency Si DPR IAN kalo dibikinin tahu isi kata kamu kira-kira suka gak dia?,negatif
ok czas na dpr !,negatif
awas aja kalo sblm dpr konser tiba2 ada announce ticketing ass. mau nafas dulu biar bisa nabung plsss.,negatif
Wakil Ketua DPR Tepis Isu Mau Tunda Uji Kelayakan Yudo Margono Jadi Panglima TNI https://t.co/psXvEFOGpq,Positif
"@convomf ada ga sih orang yg nipu ditipu balik kaya minta beliin pulsa atau kuota gitu, kayanya seru",negatif
dpr ianğŸ”¥ğŸ”¥ğŸ”¥,Positif
Galing ni DPR Ian mag-filipino HAHAHAHAHAHAH Christian Batungbakal,negatif
"@LaNyallaAcademy @DPDRI @DPR_RI @democrazymedia klo lanyalla ketum partai, ato pro salah satu pihak entah jokowi ato anies...baru analoginya masuk akal...posisi lanyalla netral sbg ketua DPD RI, yg tujuan utamanya mendorong penguatan fungsi dan peran lembaga, itupun krn adanya aspirasi dari masyarakat daerah.",negatif
dpr we gang gang sa bahay lets go,negatif
@dpr_yian Iya betul world tour tapi sayangnya indo di coret dari list mendadak :(,negatif
"bukas na concert ng dpr :"")",negatif
@convomf gue ga dengerin dpr ian anjir https://t.co/8ZTJWQ9R3N,negatif
Pelaksanaan tes menunggu penugasan Bamus DPR. https://t.co/c7QAbJtNso,negatif
"DPR ERA

LEZZ GOO",negatif
@Askrlfess Mas dpr ian â¤ï¸ https://t.co/0PaB0U8hDq,negatif
"@rentfess ________

Hi sweetheart. Aku mau memantaskan diri untuk menjadi pacarmu nih kebetulan aku avail 2 mingguan. Aku bisa sayangin kamu, dan juga sering perhatian ke kamu. dan saya pendengar yang baik dan kebetulan side fc saya dpr ian

________",negatif
"@bachrum_achmadi Knp ga komplen ke DPR jg yang bikin undang2 batas aman utang??jgn2 ga paham, atau pura2 ga paham ğŸ¤£ğŸ¤£ğŸ¤£ğŸ¤£",negatif
Ketua Komisi I DPR Meutya Hafid mengatakan bahwa pelaksanaan fit and proper test atau uji kepatutan dan kelayakan calon Panglima TNI Laksamana Yudo Margono menunggu penugasan dari Badan Musyawarah (Bamus) DPR  RI. #CalonPanglimaTNI https://t.co/j2SjfSu9ul,Positif
Apa yaudah staycation aja ya pas dpr sekalianâ€¦ğŸ«  sendiri..,negatif
dpr we gang gang sa bahay habang umiiyak ğŸ˜­ğŸ¤˜ğŸ»,negatif
@baibenist @keshimusic doain minggu depan DPR juga sebagus Keshi ğŸ«  aku degdegan bgt,negatif
@Gladislagiwoy @kenapa_bingung_ @hadifianwidjaja @arunariftan @Dennysiregar7 Emangnya cuma nasdem doang yg ngesahin.. Kan itu berdasarkan mayoritas partai..  Para mahasiswa yg demo slalu bikin slogan bubarkan dpr.. Nah anda ini ga mudeng ya..,negatif
@youronlydelila dpr we gang gang gang gang gang gang ganvv,negatif
"@yedi_kurniahadi @OposisiCerdas Yang Ngajukan pemerintah lalu DPR mayoritas koalisi dukung pemerintah
Ditolak apa ditolak ?",negatif
Ketua DPR RI Akan Terus Mendukung Indonesia Sebagai Negara Maritim dan NegaraÂ Kelautan https://t.co/GKrI8lhn8T,negatif
dpr we gang gang malungkot version,negatif
Komisi I DPR Mulai Bahas Revisi UU ITE di Masa Sidang Mendatang https://t.co/FysC7tGayE,Positif
@tamedashedlover hyunjin said dpr ian.. my pisces bestie,Positif
"padahal kemarin gue mimpi ngedate sama dpr ian anjir, tapi sekarang mimpinya kok serem:"")",negatif
Sensya na ian di ako makakapag â€œdpr we gang gangâ€ bukas ğŸ¥²,negatif
what if uuwi markyong d2 para sa dpr con bukas eme,Positif
gak jadi nonton dpr karena MAU NONTON THE ROSE AJA PLS,negatif
Hahahahha sino ba naman ako para mag dpr we gang gang bukas,negatif
Khh yang mau nonton dpr udh siapin outfit belom? Spill inspo outfit kalian dong!!,negatif
"@uncukfriendd ash island semua nya kak klo dpr banyak kaaaa.. to myself, jasmine, martini blue, laputa, kiss me.. itu yg aku sukaa banget yaa kak wakakaak klo mau dengerin semuaa oke bgt!!",negatif
@arunariftan @umarhasibuan757 Sukses bravo utk bpk panglima tni baru semoga DPR tdk berlamaÂ² pemeriksaan nyağŸ‘ğŸ™ğŸ™ğŸ™,Positif
@fadlizon @ShuraQatar @bksapdpr @DPR_RI Membangun Kejayaan Masa Lalu,negatif
"READY NA PO AKO MAG DPR WE GANG GANG NG LIVE 

#RegimeTourInMnl",negatif
OMG DPR IAN??? HYUNJIN Iâ€”- https://t.co/zriQB6iMO8,Positif
@ian__dpr Enak dong mantep dongg,negatif
Anggota Dewan protes pak bas gk punya WA ğŸ¤£ğŸ¤£ #DPR #pakbas https://t.co/wEaBZi8fs1,negatif
off dulu bola seru bener ini pada ngegas,negatif
@benana_yougurt KU BUTUH DPR LIVE YG BALES,negatif
TANGINA IM SEEING DPR?????,negatif
@euncheur tak gendong kemana mana,negatif
DPR IAN,Positif
@thisisdaphme dpr we huhuhu,negatif
@ian__dpr Naca mau minta gendong,negatif
"wow outfit yg pada mau nonton konser dpr pada kece kece amat, jadi jiper gue",negatif
Bener ae akeh sg pingin dadi dpr.. KWKW,negatif
@dapniele mana lu aja gak respond,negatif
@shoiceungsheol buset ini cheat mobil terbang,negatif
@xrenjan anjay,negatif
@joohyuk94rn spill doa,Positif
"@CNNIndonesia Tidak untuk saat sekarang,...gunakan duwitnya untuk kesejahteraan rakyat @DPR_RI",negatif
@ARTIST_EUNJl halo enji,negatif
@euncheur @nevwiee mau apaan ini,negatif
@oliviahyekr lu bukannya request bisikan jenazah,Positif
gusto ko din mag dpr we gang gangğŸ˜­ğŸ˜­ğŸ˜­ğŸ˜­ğŸ˜­,negatif
di ako makakapag dpr we gang gang bukasğŸ˜”ğŸ˜”,negatif
Guys wala akong matanong sa DPR,Positif
@TAERIYAKll @GSPEnts wkwk,negatif
"@JpackJack @andhroindian @Kiran_Jupally @gnanodayam @AshokReddyNLG @TG22MA That's fine kani adi katlasindi  ellashwaram dagara project name nandikonda kani DPR change chesi 19km kinda kattaru adi only tg restrict ayina project nizam rule adi na objection.
*Enthaina ma mukku dora bolli gadam gani kante,pavural Gutta gani kante chal nayyam",negatif
"Kader Golkar ini banyak tersandung korupsi, Setya Novanto jangan sampai menjadi ketua DPR",negatif
"KOPRI DPR RI Gelar Hari' Jadi Ke-51 dengan Donor Darah bertempat di Gd.Nusantara III DPR RI pada Selasa, 29 November 2022.

#DonorDarahJakarta #HUTke-51 #KOPRI https://t.co/LbukhuAsSR",Positif
"Ini politis sekali. 

DPD RI itu fungsi dan perannya saja tidak memungkinkan bisa ngapa2in 

Kecuali jika Kedudukan &amp; wewenang @DPDRI  sejajar dgn  @DPR_RI  baru judul ini masuk akal miiiiiiin !
@democrazymedia paham gak sih ??

#lanyalla #spiritlanyalla

https://t.co/j9KyPvhjq5",negatif
"Anggota DPR Minta Kemenag Percepat Pemulihan Madrasah dan Ponpes di Cianjur
https://t.co/a35jhfe75Y",negatif
HYUNJIN DPR IAN MY LOVESSS,Positif
"Anggota DPR Soroti Rencana Pembentukan BLU Batu Bara

https://t.co/ux3OoLPm4k via @beritabaruco @IYA_Juwita @Mirza_Ali_IYA @FraksiPKB",Positif
PAKSHET?!!?!!!??!N? DPR LIVE TAS MSRK OKSY IKAKAMATAY KOOO. NSJHSJUDHSAIOA,negatif
sanaol makikita dpr bukas,negatif
@mancinsurrey @AnnoyedUke @MikkeMus8 @BS22Take2 @loafnw @SnowyinChi @IAINMRODGERS @WINKUWA @p1gl33t @StephenKing Russia defended LPR and DPR,Positif
"#Mug #sablon  cocok bgt buat promo usaha atau pun sebagai souvenir, call : 085725054237 PLUTJogja https://t.co/XHoh20yKYo",negatif
"@ozctober ssttt emg org sakit kan kerjanya marah marah, soalnya kalo kerjaannya abisin uang rakyat itu mah dpr",negatif
Presiden Jokowi Ajukan Nama Ini Sebagai Calon Panglima TNI keÂ DPR https://t.co/YKQPBtmhwR,Positif
YES HYUNJIN CHOOSING DPR IAN ğŸ¤© YES TO CHRISTIANNNNNN,negatif
dpr gang is here ğŸ¥²,negatif
"gue iri bgt sm yg bs nonton cas, keshi, dpr",negatif
@fadlizon @parliamentquds @bksapdpr @DPR_RI Gemess bgt sama pipinya,negatif
Eyyy dpr we gang gang na pala tom ğŸ˜”ğŸ¤Ÿ,negatif
"Langkah @KejaksaanRI dlm menyita bbrp aset milik terpidana kasus korupsi pengelolaan keuangan dan dana investasi PT Asuransi Jiwasraya 2008-2018 Benny Tjokrosaputro dpt apresiasi dri Wakil Ketua Komisi III @DPR_RI Ahmad Sahroni. Lanjutkan! #KejaksaanTegas
https://t.co/XutUe703Xs",Positif
@stsg_twt Dpr ian and hobi..... ğŸ’­,negatif
"em na walang ""dpr we gang gang"" â˜ºï¸â˜ºï¸â˜ºï¸",negatif
DIKO PADIN MATANGGAP NA DI ME MAKAKA DPR WE GANG GANG BUKAS!!!!!,negatif
"Belakangan argumentasi pemerintah dan DPR soal kritik terhadap pasal bermasalah seragam dan itu-itu saja: â€œPR selanjutnya sosialisasi ke penegak hukumâ€ 

Lah, kritik selama ini berangkat dari realita penegak hukum yang semena-mena atas peraturan yang ada.",negatif
"Presiden Jokowi Ajukan Calon Tunggal Panglima TNI kepada DPR

Selengkapnya klik dilaman @m_radarnew https://t.co/0mDlPtCgEy",negatif
Nasa pinas na pala ang dpr we gang gang hahahaha ok lng nmn aq ğŸ¤¥,negatif
@AMIYEAA oiii miraaa jadi nonton dpr gaaakkk,negatif
"@shapire @schfess iya, pengusaha, anggota dpr kalo ngga minimal manager perusahaan (sosro coca cola misalnya) biasanya gampang cair.",negatif
@berriberrichizu GUE BTW JD DENGERIN DPR WE GANG GANG UDAH SEMINGGUAN,negatif
@dhemizzz @tanyakanrl Itu mah jabatan bukan pencapaian prestasi. Beda kali. Kalau jadi ketua DPR mah tergantung pinter2 nya nyari suara,negatif
Anggota DPR Wanti Wanti Pemerintah Jangan Ada Permainan Harga Tiket Transportasi https://t.co/U86fXHQIf2,negatif
@grray jasmine - dpr live,negatif
"Presiden @jokowi ajukan satu calon Panglima TNI kepada DPR

https://t.co/pTJU3UM6uO",Positif
"tuh kan...trus, kemana aliran danax yaa...?!
@DPR_RI (unfaedah)
@KPK_RI",negatif
"@schfess big no, sekolahku pensi dana ngga pernah cair, akhirnya cuma pas bulan bahasa kemarin ada acara aja.
cerita dari temenku yang smp unggulan dulu katanya ada suntikan dana dari ortu (ortunya pengusaha sama anggota dpr) kalo ngga minta sponsor, itu juga ordal ortu.",negatif
dpr please ğŸ¥²,Positif
Komisi I DPR Belum Bisa Lakukan Fit and Proper Test Calon Panglima TNI https://t.co/rlWnWpoHfM,Positif
"walang ngang pasok bukas, hindi naman makaka dpr we gang gang",negatif
sana ol makaka dpr we gang gang bukas,negatif
Tak hafal lagi setlist dpr im soooo dead ğŸ’€ https://t.co/tIRhak1ff7,negatif
*Presiden @jokowi Ajukan Satu Calon Panglima TNI kepada DPR* https://t.co/XJA3kt0Jcl,Positif
"ANO BAYAN HINDI NA NGA MAKAKAPUNTA SA BETSBUL, PATI BA NAMAN SA DPR",Positif
"Gabung Golkar, Istri Nurdin Abdullah Liestiaty Fachruddin Mantapkan Diri Maju DPR RI di Dapil Sulsel 1 https://t.co/CJlgxxP29h #DapilSulsel1 #DPDRI #IstriNurdinAbdullah #LiestiatyFachruddin",Positif
"DPR Kemungkinan Menggelar Uji Kelayakan dan Kepatutan Calon Panglima TNI Pekan Depan 
https://t.co/rGfvUIbSwv",Positif
WAIT PUTA ANDITO SI DPR WE GANG GANG,negatif
DPR Live ngnotice bujang-bujang NCT knp gk collab aja kalianğŸ˜­â¤ï¸â¤ï¸â¤ï¸â¤ï¸,negatif
DPR WE GANG GANG CUTIE ğŸ˜­ğŸ¤˜ https://t.co/Ilx2EKWVMP,negatif
"@_DPRLIVE Minimal collab lah  dpr live, dpr ian + mark lee ğŸ˜­",Positif
@Camlintweets ahamdullah babar badshah bhi parso se groun dpr,negatif
"@Searobers @ssefnum BANYAAK, DPR Ian, Taylor Swift, jvke, J-Pop, stayc, aespa, le sserafim, Meghan Trainor.. masih banyakâ€“",negatif
kawawa naman dpr d nila ko makikkta bukas hays,negatif
"serius nanya ketua DPR itu apa memang legally punya akses main ke kapal selam begini? sipil, tentara bukan, eksekutif bidang pertahanan juga bukan.",negatif
"Kamerun Resmi Keluarkan Kiper Onana Dari Skuad di Piala Dunia 2022

#PialaDunia2022 #kamerun #Bola #sepakbolapialadunia #sepakbola 

https://t.co/YA8QoYLi1U",Positif
nandito na dprğŸ˜­,negatif
gua masih pengen dpr regime red ğŸ˜¿ wtb wtb,negatif
Kamu anggota DPR ya? kalo jadi anggota keluarga papaku mau?,Positif
@Syarman59 klu jkw punya masa silahkan buat partai @DPR_RI,negatif
makakapag dpr we gang gang na din tomorrowğŸ¥¹ğŸ¥¹ğŸ¥¹,negatif
dpr we gang gang,negatif
Lucu bgtt its 2022 tp aku baru tau dpr pernah kirim package ke nct aaaaaaa lucu :( collab dong,negatif
"@nakeclbibi Petamak.

Kalo apaâ€¦ Kata orang kalo mau ngomong gak lanjut besoknya bakal masuk dikoran",negatif
"@Solivaganst Jangan Pak Haji lah takut kualat, rumah DPR aja. DPR Ian, sekalian caper. :p",negatif
"Diah Tekankan Manajemen Distribusi Bantuan di Cianjur

Wakil Ketua Komisi VIII DPR RI Diah Pitaloka menekankan manajemen distribusi bantuan harus merata bagi korban bencana gempa bumi di Cianjur Jawa Barat.
#PDIPerjuangan
#PDIPerjuanganJabar
#SolidBergerak
https://t.co/eaoGvqkwtY",Positif
"Salam perjuangan
KAMI INSAN KOPERASI
Randudongkal Pemalang
MENOLAK RUU PPSK
KARENA MERUSAK 
DEMOKRASI EKONOMI
#DukungKoperasiTetapdiKemenkop
#CopotMenteriKoperasi
#TolakOJKdiKoperasi 
@jokowi 
@KemenkopUKM 
@KemenkeuRI 
@DPR_RI https://t.co/m60nAgzlhZ",Positif
Deret Pasal Kontroversial RKUHP yang Bakal Disahkan DPR pada Desember https://t.co/Yq1cGhjwyq,Positif
@mxnaone @Undead37692438 @yomasunshine @venusninari @kxr813 @kucingyabu @Askrlfess Krik krik ya,negatif
Wakil Ketua DPR Sufmi Dasco Ahmad menyampaikan uji kelayakan dan kepatutan calon Panglima TNI Laksamana Yudo Margono akan digelar pekan depan. https://t.co/joZLtefeV4,Positif
"Lagi, DPR Papua dan keluarga korban mutilasi minta 6 prajurit TNI diadili di Timika

#PapuanLivesMatter 
#Papua 
https://t.co/4FdKBqiXu6",Positif
dpr we gang gang tomorrow,negatif
mau nyari temen buat nonton dpr kok males bgt yyy,negatif
malungkot na dpr we gang gang for me i guess,negatif
"Ketua Dewan Perwakilan Rakyat Papua Jhony Banua Rouw mengusulkan ada empat kursi DPR untuk setiap dari empat provinsi di wilayah Papua. Dampaknya dinilai besar karena mereka akan menyuarakan aspirasi warga. #Polhuk #AdadiKompas

https://t.co/Oez4fIoTRv",Positif
"Ketua Dewan Perwakilan Rakyat Papua Jhony Banua Rouw mengusulkan ada empat kursi DPR untuk setiap dari empat provinsi di wilayah Papua. Dampaknya dinilai besar karena mereka akan menyuarakan aspirasi warga. #Polhuk #AdadiKompas
https://t.co/egruvqCINQ",Positif
Just started listening to dpr tas malalaman kong may con sila bukas.....tangina ğŸ§â€â™€ï¸,negatif
DPR GAGO BUKAS NA PUTANGINA IIYAK NA AKO BYE,negatif
@eunwoont si kampret wkwkwk,negatif
@eunwoont lu ada request kah,negatif
GUSTO KO RIN MAG DPR WE GANG GANG PUTANGINA WALA AKONG PERA,negatif
ambot nde ko ya ka dpr we gang gang !!!!!,negatif
"rent! aku lagi loyo banget dan butuh tempat cerita, untuk 2 minggu kedepan. adakah bfr yang mau jadi tempat aku pulang? kamu gak perlu kasih saran yang gimana-gimana, cukup ada aja buat nemenin loyoku dan jadi tempat cerita aku. mun 23+, fc DPR i a n",negatif
@CNNIndonesia klu mau jadi pesaing @PDI_Perjuangan silahkan buat partai pak @jokowi @DPR_RI,negatif
